timestamp,price,volume
2025-11-24 14:30:00+00:00,273.1700134277344,2295845
2025-11-24 14:31:00+00:00,273.98480224609375,261737
2025-11-24 14:32:00+00:00,274.6050109863281,198840
2025-11-24 14:33:00+00:00,275.05999755859375,341474
2025-11-24 14:34:00+00:00,275.04998779296875,212797
2025-11-24 14:35:00+00:00,275.3251037597656,220843
2025-11-24 14:36:00+00:00,275.5,162052
2025-11-24 14:37:00+00:00,275.06878662109375,146607
2025-11-24 14:38:00+00:00,274.94000244140625,123268
2025-11-24 14:39:00+00:00,275.07000732421875,113571
2025-11-24 14:40:00+00:00,274.85650634765625,124558
2025-11-24 14:41:00+00:00,275.05999755859375,91728
2025-11-24 14:42:00+00:00,274.88250732421875,67019
2025-11-24 14:43:00+00:00,274.7099914550781,112527
2025-11-24 14:44:00+00:00,274.75,95513
2025-11-24 14:45:00+00:00,274.5,116971
2025-11-24 14:46:00+00:00,274.0950012207031,72745
2025-11-24 14:47:00+00:00,274.57501220703125,73753
2025-11-24 14:48:00+00:00,274.1199951171875,74549
2025-11-24 14:49:00+00:00,274.1455993652344,94220
2025-11-24 14:50:00+00:00,273.6899108886719,102609
2025-11-24 14:51:00+00:00,273.8373107910156,178135
2025-11-24 14:52:00+00:00,274.0965881347656,79931
2025-11-24 14:53:00+00:00,273.67999267578125,57327
2025-11-24 14:54:00+00:00,273.5425109863281,55120
2025-11-24 14:55:00+00:00,273.489990234375,92191
2025-11-24 14:56:00+00:00,273.1449890136719,95270
2025-11-24 14:57:00+00:00,273.07501220703125,64704
2025-11-24 14:58:00+00:00,273.0150146484375,79102
2025-11-24 14:59:00+00:00,273.5050048828125,181241
2025-11-24 15:00:00+00:00,273.3699951171875,200044
2025-11-24 15:01:00+00:00,273.45001220703125,42013
2025-11-24 15:02:00+00:00,273.3114013671875,71464
2025-11-24 15:03:00+00:00,273.1300048828125,54080
2025-11-24 15:04:00+00:00,273.1199951171875,64941
2025-11-24 15:05:00+00:00,272.9898986816406,60423
2025-11-24 15:06:00+00:00,272.7351989746094,46717
2025-11-24 15:07:00+00:00,272.5199890136719,78323
2025-11-24 15:08:00+00:00,272.6077880859375,76036
2025-11-24 15:09:00+00:00,272.5799865722656,75648
2025-11-24 15:10:00+00:00,272.70001220703125,53359
2025-11-24 15:11:00+00:00,272.8190002441406,68786
2025-11-24 15:12:00+00:00,273.1199951171875,87965
2025-11-24 15:13:00+00:00,273.4100036621094,155257
2025-11-24 15:14:00+00:00,273.79998779296875,88642
2025-11-24 15:15:00+00:00,273.4800109863281,74688
2025-11-24 15:16:00+00:00,273.42999267578125,44032
2025-11-24 15:17:00+00:00,273.4750061035156,61568
2025-11-24 15:18:00+00:00,273.0050048828125,59085
2025-11-24 15:19:00+00:00,272.75311279296875,64185
2025-11-24 15:20:00+00:00,272.8550109863281,51816
2025-11-24 15:21:00+00:00,272.8999938964844,59945
2025-11-24 15:22:00+00:00,273.010009765625,57657
2025-11-24 15:23:00+00:00,272.989990234375,33528
2025-11-24 15:24:00+00:00,273.1199951171875,38270
2025-11-24 15:25:00+00:00,273.1499938964844,62234
2025-11-24 15:26:00+00:00,273.1700134277344,47169
2025-11-24 15:27:00+00:00,273.2904052734375,48241
2025-11-24 15:28:00+00:00,273.1199951171875,33706
2025-11-24 15:29:00+00:00,273.0950012207031,49624
2025-11-24 15:30:00+00:00,272.7608947753906,50426
2025-11-24 15:31:00+00:00,272.8558044433594,60846
2025-11-24 15:32:00+00:00,272.9284973144531,34071
2025-11-24 15:33:00+00:00,272.9999084472656,55284
2025-11-24 15:34:00+00:00,273.3599853515625,42271
2025-11-24 15:35:00+00:00,273.489990234375,67411
2025-11-24 15:36:00+00:00,273.5249938964844,67067
2025-11-24 15:37:00+00:00,273.25,54085
2025-11-24 15:38:00+00:00,273.2099914550781,57506
2025-11-24 15:39:00+00:00,273.3599853515625,38039
2025-11-24 15:40:00+00:00,273.3999938964844,30854
2025-11-24 15:41:00+00:00,273.6700134277344,113749
2025-11-24 15:42:00+00:00,273.92999267578125,76081
2025-11-24 15:43:00+00:00,273.8599853515625,48752
2025-11-24 15:44:00+00:00,273.67999267578125,46132
2025-11-24 15:45:00+00:00,273.8700866699219,45751
2025-11-24 15:46:00+00:00,273.7774963378906,48040
2025-11-24 15:47:00+00:00,273.75,30759
2025-11-24 15:48:00+00:00,273.57000732421875,64023
2025-11-24 15:49:00+00:00,274.0899963378906,3753040
2025-11-24 15:50:00+00:00,273.9849853515625,0
2025-11-24 15:51:00+00:00,274.17498779296875,97738
2025-11-24 15:52:00+00:00,273.8357849121094,67298
2025-11-24 15:53:00+00:00,273.82000732421875,48983
2025-11-24 15:54:00+00:00,273.9649963378906,34365
2025-11-24 15:55:00+00:00,273.739990234375,51810
2025-11-24 15:56:00+00:00,273.98638916015625,44220
2025-11-24 15:57:00+00:00,273.8299865722656,59365
2025-11-24 15:58:00+00:00,273.8100891113281,55134
2025-11-24 15:59:00+00:00,273.7900085449219,35669
2025-11-24 16:00:00+00:00,273.7799987792969,42493
2025-11-24 16:01:00+00:00,274.0400085449219,49842
2025-11-24 16:02:00+00:00,274.20001220703125,42708
2025-11-24 16:03:00+00:00,274.2900085449219,45526
2025-11-24 16:04:00+00:00,274.4200134277344,48044
2025-11-24 16:05:00+00:00,274.3882141113281,32218
2025-11-24 16:06:00+00:00,274.6400146484375,57440
2025-11-24 16:07:00+00:00,274.94000244140625,153441
2025-11-24 16:08:00+00:00,275.0362854003906,137690
2025-11-24 16:09:00+00:00,275.0,52296
2025-11-24 16:10:00+00:00,274.94500732421875,89377
2025-11-24 16:11:00+00:00,275.05499267578125,65067
2025-11-24 16:12:00+00:00,275.0899963378906,61092
2025-11-24 16:13:00+00:00,275.04998779296875,70461
2025-11-24 16:14:00+00:00,275.0849914550781,87701
2025-11-24 16:15:00+00:00,275.1199951171875,56078
2025-11-24 16:16:00+00:00,275.07000732421875,51779
2025-11-24 16:17:00+00:00,275.1029968261719,74262
2025-11-24 16:18:00+00:00,275.3800048828125,53798
2025-11-24 16:19:00+00:00,275.0799865722656,54418
2025-11-24 16:20:00+00:00,275.07000732421875,52988
2025-11-24 16:21:00+00:00,275.1199951171875,44376
2025-11-24 16:22:00+00:00,275.27349853515625,44142
2025-11-24 16:23:00+00:00,275.2650146484375,67277
2025-11-24 16:24:00+00:00,275.1099853515625,52468
2025-11-24 16:25:00+00:00,275.0400085449219,77697
2025-11-24 16:26:00+00:00,275.0339050292969,66584
2025-11-24 16:27:00+00:00,275.0199890136719,44300
2025-11-24 16:28:00+00:00,274.989990234375,85788
2025-11-24 16:29:00+00:00,275.0,86001
2025-11-24 16:30:00+00:00,275.0299987792969,58438
2025-11-24 16:31:00+00:00,274.94500732421875,62097
2025-11-24 16:32:00+00:00,275.0400085449219,57853
2025-11-24 16:33:00+00:00,275.12200927734375,52574
2025-11-24 16:34:00+00:00,275.1499938964844,44613
2025-11-24 16:35:00+00:00,275.1499938964844,41067
2025-11-24 16:36:00+00:00,275.2300109863281,67276
2025-11-24 16:37:00+00:00,275.19000244140625,39632
2025-11-24 16:38:00+00:00,274.9599914550781,47848
2025-11-24 16:39:00+00:00,275.05999755859375,46747
2025-11-24 16:40:00+00:00,274.94000244140625,61418
2025-11-24 16:41:00+00:00,274.9649963378906,63739
2025-11-24 16:42:00+00:00,274.9750061035156,57224
2025-11-24 16:43:00+00:00,274.9200134277344,37985
2025-11-24 16:44:00+00:00,274.9200134277344,45855
2025-11-24 16:45:00+00:00,275.0150146484375,65128
2025-11-24 16:46:00+00:00,275.0199890136719,40228
2025-11-24 16:47:00+00:00,274.9901123046875,38373
2025-11-24 16:48:00+00:00,275.01361083984375,31025
2025-11-24 16:49:00+00:00,275.0299987792969,66881
2025-11-24 16:50:00+00:00,274.7370910644531,63169
2025-11-24 16:51:00+00:00,274.4700012207031,92552
2025-11-24 16:52:00+00:00,274.7699890136719,63292
2025-11-24 16:53:00+00:00,274.82000732421875,20941
2025-11-24 16:54:00+00:00,274.8500061035156,37552
2025-11-24 16:55:00+00:00,274.760009765625,30217
2025-11-24 16:56:00+00:00,274.94000244140625,49784
2025-11-24 16:57:00+00:00,274.84161376953125,26062
2025-11-24 16:58:00+00:00,274.885009765625,52653
2025-11-24 16:59:00+00:00,275.010009765625,38685
2025-11-24 17:00:00+00:00,275.0350036621094,45196
2025-11-24 17:01:00+00:00,274.96990966796875,30689
2025-11-24 17:02:00+00:00,274.8500061035156,54106
2025-11-24 17:03:00+00:00,274.8500061035156,44543
2025-11-24 17:04:00+00:00,274.82000732421875,48081
2025-11-24 17:05:00+00:00,274.9800109863281,40544
2025-11-24 17:06:00+00:00,274.95001220703125,28814
2025-11-24 17:07:00+00:00,274.9200134277344,38226
2025-11-24 17:08:00+00:00,274.8599853515625,24944
2025-11-24 17:09:00+00:00,274.739990234375,26925
2025-11-24 17:10:00+00:00,274.8299865722656,56848
2025-11-24 17:11:00+00:00,274.93499755859375,35476
2025-11-24 17:12:00+00:00,274.8876037597656,22982
2025-11-24 17:13:00+00:00,274.8500061035156,31257
2025-11-24 17:14:00+00:00,274.8500061035156,29794
2025-11-24 17:15:00+00:00,274.8999938964844,40723
2025-11-24 17:16:00+00:00,274.989990234375,61429
2025-11-24 17:17:00+00:00,274.9700012207031,33166
2025-11-24 17:18:00+00:00,274.94000244140625,26904
2025-11-24 17:19:00+00:00,275.0199890136719,61354
2025-11-24 17:20:00+00:00,275.1889953613281,34088
2025-11-24 17:21:00+00:00,275.07000732421875,27987
2025-11-24 17:22:00+00:00,275.1499938964844,28113
2025-11-24 17:23:00+00:00,275.06768798828125,28202
2025-11-24 17:24:00+00:00,275.07000732421875,23605
2025-11-24 17:25:00+00:00,275.010009765625,30267
2025-11-24 17:26:00+00:00,274.93499755859375,37555
2025-11-24 17:27:00+00:00,274.9049987792969,28387
2025-11-24 17:28:00+00:00,274.9200134277344,28227
2025-11-24 17:29:00+00:00,274.8500061035156,33749
2025-11-24 17:30:00+00:00,274.7699890136719,81756
2025-11-24 17:31:00+00:00,274.8399963378906,44540
2025-11-24 17:32:00+00:00,274.81500244140625,40605
2025-11-24 17:33:00+00:00,274.8299865722656,29399
2025-11-24 17:34:00+00:00,274.7699890136719,37979
2025-11-24 17:35:00+00:00,274.9599914550781,68958
2025-11-24 17:36:00+00:00,275.0199890136719,42066
2025-11-24 17:37:00+00:00,274.93780517578125,33906
2025-11-24 17:38:00+00:00,274.9100036621094,31081
2025-11-24 17:39:00+00:00,275.0,41125
2025-11-24 17:40:00+00:00,275.0201110839844,65152
2025-11-24 17:41:00+00:00,274.8800048828125,34942
2025-11-24 17:42:00+00:00,274.97491455078125,28341
2025-11-24 17:43:00+00:00,274.94500732421875,39707
2025-11-24 17:44:00+00:00,275.0,40603
2025-11-24 17:45:00+00:00,275.0150146484375,31700
2025-11-24 17:46:00+00:00,275.010009765625,35723
2025-11-24 17:47:00+00:00,274.99481201171875,30662
2025-11-24 17:48:00+00:00,275.0199890136719,33304
2025-11-24 17:49:00+00:00,274.9917907714844,52031
2025-11-24 17:50:00+00:00,274.989990234375,33740
2025-11-24 17:51:00+00:00,274.9800109863281,32529
2025-11-24 17:52:00+00:00,274.9800109863281,31646
2025-11-24 17:53:00+00:00,275.0950012207031,69170
2025-11-24 17:54:00+00:00,275.1600036621094,47279
2025-11-24 17:55:00+00:00,275.1700134277344,38723
2025-11-24 17:56:00+00:00,275.260009765625,105554
2025-11-24 17:57:00+00:00,275.125,37879
2025-11-24 17:58:00+00:00,275.2200012207031,39997
2025-11-24 17:59:00+00:00,275.19000244140625,43342
2025-11-24 18:00:00+00:00,275.17999267578125,56782
2025-11-24 18:01:00+00:00,275.3299865722656,49298
2025-11-24 18:02:00+00:00,275.2099914550781,41247
2025-11-24 18:03:00+00:00,275.29998779296875,37302
2025-11-24 18:04:00+00:00,275.3695068359375,37905
2025-11-24 18:05:00+00:00,275.5849914550781,182607
2025-11-24 18:06:00+00:00,275.57000732421875,62499
2025-11-24 18:07:00+00:00,275.6499938964844,152346
2025-11-24 18:08:00+00:00,275.6581115722656,42745
2025-11-24 18:09:00+00:00,275.55999755859375,45009
2025-11-24 18:10:00+00:00,275.6600036621094,31221
2025-11-24 18:11:00+00:00,275.7200012207031,64205
2025-11-24 18:12:00+00:00,275.94500732421875,108369
2025-11-24 18:13:00+00:00,276.25,173537
2025-11-24 18:14:00+00:00,276.1700134277344,74584
2025-11-24 18:15:00+00:00,275.989990234375,67407
2025-11-24 18:16:00+00:00,275.94000244140625,57947
2025-11-24 18:17:00+00:00,276.0,85915
2025-11-24 18:18:00+00:00,276.0799865722656,54396
2025-11-24 18:19:00+00:00,276.1099853515625,45731
2025-11-24 18:20:00+00:00,276.3299865722656,86340
2025-11-24 18:21:00+00:00,276.3450012207031,68318
2025-11-24 18:22:00+00:00,276.3999938964844,97877
2025-11-24 18:23:00+00:00,276.4171142578125,61340
2025-11-24 18:24:00+00:00,276.2200012207031,65813
2025-11-24 18:25:00+00:00,276.02020263671875,61629
2025-11-24 18:26:00+00:00,276.1600036621094,54003
2025-11-24 18:27:00+00:00,276.05999755859375,37168
2025-11-24 18:28:00+00:00,276.0710144042969,36372
2025-11-24 18:29:00+00:00,276.1199951171875,40881
2025-11-24 18:30:00+00:00,275.8999938964844,56032
2025-11-24 18:31:00+00:00,276.1199951171875,41095
2025-11-24 18:32:00+00:00,276.125,28961
2025-11-24 18:33:00+00:00,276.0264892578125,45729
2025-11-24 18:34:00+00:00,276.1099853515625,44402
2025-11-24 18:35:00+00:00,276.1400146484375,25131
2025-11-24 18:36:00+00:00,276.1600036621094,37161
2025-11-24 18:37:00+00:00,276.1400146484375,26437
2025-11-24 18:38:00+00:00,276.135009765625,82262
2025-11-24 18:39:00+00:00,276.1000061035156,33097
2025-11-24 18:40:00+00:00,276.0199890136719,92979
2025-11-24 18:41:00+00:00,276.1700134277344,41011
2025-11-24 18:42:00+00:00,276.04998779296875,37557
2025-11-24 18:43:00+00:00,276.1000061035156,51807
2025-11-24 18:44:00+00:00,276.3384094238281,83305
2025-11-24 18:45:00+00:00,276.1400146484375,56341
2025-11-24 18:46:00+00:00,276.18499755859375,28521
2025-11-24 18:47:00+00:00,276.1400146484375,43895
2025-11-24 18:48:00+00:00,276.17498779296875,24126
2025-11-24 18:49:00+00:00,276.1299133300781,64857
2025-11-24 18:50:00+00:00,276.1400146484375,22267
2025-11-24 18:51:00+00:00,276.2099914550781,23883
2025-11-24 18:52:00+00:00,276.1499938964844,29035
2025-11-24 18:53:00+00:00,276.1465148925781,24674
2025-11-24 18:54:00+00:00,276.18499755859375,32971
2025-11-24 18:55:00+00:00,276.1600036621094,31618
2025-11-24 18:56:00+00:00,276.1099853515625,60794
2025-11-24 18:57:00+00:00,276.135009765625,49010
2025-11-24 18:58:00+00:00,276.1099853515625,30302
2025-11-24 18:59:00+00:00,276.0299987792969,43595
2025-11-24 19:00:00+00:00,276.0299987792969,29415
2025-11-24 19:01:00+00:00,276.1099853515625,39712
2025-11-24 19:02:00+00:00,276.19000244140625,35253
2025-11-24 19:03:00+00:00,276.1650085449219,29418
2025-11-24 19:04:00+00:00,276.0350036621094,27878
2025-11-24 19:05:00+00:00,276.0299987792969,58344
2025-11-24 19:06:00+00:00,275.94000244140625,77416
2025-11-24 19:07:00+00:00,276.05499267578125,40540
2025-11-24 19:08:00+00:00,276.17999267578125,36106
2025-11-24 19:09:00+00:00,276.1499938964844,19474
2025-11-24 19:10:00+00:00,276.3299865722656,74832
2025-11-24 19:11:00+00:00,276.2200012207031,40758
2025-11-24 19:12:00+00:00,276.2200012207031,26071
2025-11-24 19:13:00+00:00,276.17999267578125,25441
2025-11-24 19:14:00+00:00,276.1700134277344,35316
2025-11-24 19:15:00+00:00,276.19000244140625,40041
2025-11-24 19:16:00+00:00,276.2701110839844,36870
2025-11-24 19:17:00+00:00,276.239990234375,30743
2025-11-24 19:18:00+00:00,276.3399963378906,32661
2025-11-24 19:19:00+00:00,276.2900085449219,33924
2025-11-24 19:20:00+00:00,276.29998779296875,23969
2025-11-24 19:21:00+00:00,276.3599853515625,82035
2025-11-24 19:22:00+00:00,276.260009765625,37223
2025-11-24 19:23:00+00:00,276.0849914550781,41066
2025-11-24 19:24:00+00:00,276.1090087890625,26333
2025-11-24 19:25:00+00:00,276.1698913574219,38208
2025-11-24 19:26:00+00:00,276.2287902832031,32537
2025-11-24 19:27:00+00:00,276.23150634765625,29290
2025-11-24 19:28:00+00:00,276.2416076660156,41900
2025-11-24 19:29:00+00:00,276.2195129394531,24492
2025-11-24 19:30:00+00:00,276.05999755859375,42824
2025-11-24 19:31:00+00:00,276.1099853515625,36632
2025-11-24 19:32:00+00:00,276.0899963378906,28646
2025-11-24 19:33:00+00:00,276.1000061035156,29906
2025-11-24 19:34:00+00:00,276.1000061035156,28070
2025-11-24 19:35:00+00:00,276.0299987792969,36680
2025-11-24 19:36:00+00:00,275.79998779296875,318010
2025-11-24 19:37:00+00:00,275.9849853515625,89194
2025-11-24 19:38:00+00:00,276.04998779296875,64016
2025-11-24 19:39:00+00:00,276.0400085449219,29246
2025-11-24 19:40:00+00:00,276.0299987792969,54850
2025-11-24 19:41:00+00:00,276.1300048828125,51545
2025-11-24 19:42:00+00:00,276.0,40224
2025-11-24 19:43:00+00:00,275.989990234375,42214
2025-11-24 19:44:00+00:00,275.9859924316406,39697
2025-11-24 19:45:00+00:00,275.94000244140625,44975
2025-11-24 19:46:00+00:00,275.9844055175781,26728
2025-11-24 19:47:00+00:00,276.0299987792969,35871
2025-11-24 19:48:00+00:00,276.0,38687
2025-11-24 19:49:00+00:00,275.8299865722656,83940
2025-11-24 19:50:00+00:00,275.9100036621094,29908
2025-11-24 19:51:00+00:00,275.8554992675781,30404
2025-11-24 19:52:00+00:00,275.8800048828125,29841
2025-11-24 19:53:00+00:00,275.79998779296875,37834
2025-11-24 19:54:00+00:00,275.93499755859375,29340
2025-11-24 19:55:00+00:00,275.989990234375,39218
2025-11-24 19:56:00+00:00,275.989990234375,53308
2025-11-24 19:57:00+00:00,276.05999755859375,30339
2025-11-24 19:58:00+00:00,276.05999755859375,28549
2025-11-24 19:59:00+00:00,276.0899963378906,40757
2025-11-24 20:00:00+00:00,276.0098876953125,24971
2025-11-24 20:03:00+00:00,276.40020751953125,241595
2025-11-24 20:04:00+00:00,276.4800109863281,38435
2025-11-24 20:05:00+00:00,276.42999267578125,37754
2025-11-24 20:06:00+00:00,276.32501220703125,39160
2025-11-24 20:07:00+00:00,276.31500244140625,25825
2025-11-24 20:08:00+00:00,276.2970886230469,35094
2025-11-24 20:09:00+00:00,276.29998779296875,47522
2025-11-24 20:10:00+00:00,276.25,34125
2025-11-24 20:11:00+00:00,276.2721862792969,30506
2025-11-24 20:12:00+00:00,276.2799987792969,38371
2025-11-24 20:13:00+00:00,276.2799987792969,37686
2025-11-24 20:14:00+00:00,276.2900085449219,40384
2025-11-24 20:15:00+00:00,276.260009765625,38190
2025-11-24 20:16:00+00:00,276.3900146484375,69066
2025-11-24 20:17:00+00:00,276.42999267578125,55430
2025-11-24 20:18:00+00:00,276.4949951171875,36644
2025-11-24 20:19:00+00:00,276.55841064453125,78471
2025-11-24 20:20:00+00:00,276.4949951171875,98281
2025-11-24 20:21:00+00:00,276.489990234375,35677
2025-11-24 20:22:00+00:00,276.57550048828125,36293
2025-11-24 20:23:00+00:00,276.5799865722656,45496
2025-11-24 20:24:00+00:00,276.5299987792969,40984
2025-11-24 20:25:00+00:00,276.5199890136719,47342
2025-11-24 20:26:00+00:00,276.4700012207031,52946
2025-11-24 20:27:00+00:00,276.4750061035156,55184
2025-11-24 20:28:00+00:00,276.5278015136719,65187
2025-11-24 20:29:00+00:00,276.4750061035156,51490
2025-11-24 20:30:00+00:00,276.4898986816406,46650
2025-11-24 20:31:00+00:00,276.5299987792969,79067
2025-11-24 20:32:00+00:00,276.4845886230469,234348
2025-11-24 20:33:00+00:00,276.56500244140625,56681
2025-11-24 20:34:00+00:00,276.6000061035156,74533
2025-11-24 20:35:00+00:00,276.6337890625,118519
2025-11-24 20:36:00+00:00,276.625,51894
2025-11-24 20:37:00+00:00,276.67999267578125,62162
2025-11-24 20:38:00+00:00,276.7500915527344,50726
2025-11-24 20:39:00+00:00,276.8550109863281,99300
2025-11-24 20:40:00+00:00,276.885009765625,94146
2025-11-24 20:41:00+00:00,276.7950134277344,88197
2025-11-24 20:42:00+00:00,276.7850036621094,50627
2025-11-24 20:43:00+00:00,276.6600036621094,70520
2025-11-24 20:44:00+00:00,276.79998779296875,68066
2025-11-24 20:45:00+00:00,276.8299865722656,52979
2025-11-24 20:46:00+00:00,276.6700134277344,58727
2025-11-24 20:47:00+00:00,276.7200012207031,65105
2025-11-24 20:48:00+00:00,276.8299865722656,68335
2025-11-24 20:49:00+00:00,276.9150085449219,63379
2025-11-24 20:50:00+00:00,275.69000244140625,316503
2025-11-24 20:51:00+00:00,276.0,168968
2025-11-24 20:52:00+00:00,275.2727966308594,187654
2025-11-24 20:53:00+00:00,275.5799865722656,245616
2025-11-24 20:54:00+00:00,275.489990234375,288436
2025-11-24 20:55:00+00:00,276.19000244140625,337877
2025-11-24 20:56:00+00:00,275.8999938964844,210112
2025-11-24 20:57:00+00:00,275.885009765625,250398
2025-11-24 20:58:00+00:00,275.79998779296875,333585
2025-11-24 20:59:00+00:00,275.9800109863281,1010929
2025-11-25 14:30:00+00:00,277.2900085449219,1734680
2025-11-25 14:31:00+00:00,277.67999267578125,471949
2025-11-25 14:32:00+00:00,278.5054931640625,208469
2025-11-25 14:33:00+00:00,279.20001220703125,388479
2025-11-25 14:34:00+00:00,278.5450134277344,199194
2025-11-25 14:35:00+00:00,279.57000732421875,273336
2025-11-25 14:36:00+00:00,280.16009521484375,683076
2025-11-25 14:37:00+00:00,280.2650146484375,245878
2025-11-25 14:38:00+00:00,279.6300048828125,193266
2025-11-25 14:39:00+00:00,279.82000732421875,170001
2025-11-25 14:40:00+00:00,279.63360595703125,176574
2025-11-25 14:41:00+00:00,279.2699890136719,228592
2025-11-25 14:42:00+00:00,279.55499267578125,100082
2025-11-25 14:43:00+00:00,279.0199890136719,157132
2025-11-25 14:44:00+00:00,279.94989013671875,182471
2025-11-25 14:45:00+00:00,279.2749938964844,147086
2025-11-25 14:46:00+00:00,279.6000061035156,99689
2025-11-25 14:47:00+00:00,279.2362060546875,90812
2025-11-25 14:48:00+00:00,278.989990234375,188381
2025-11-25 14:49:00+00:00,278.44000244140625,155015
2025-11-25 14:50:00+00:00,278.17999267578125,151999
2025-11-25 14:51:00+00:00,278.4150085449219,106516
2025-11-25 14:52:00+00:00,278.69000244140625,201111
2025-11-25 14:53:00+00:00,278.7699890136719,128706
2025-11-25 14:54:00+00:00,279.04998779296875,218057
2025-11-25 14:55:00+00:00,279.17498779296875,67789
2025-11-25 14:56:00+00:00,279.5249938964844,136644
2025-11-25 14:57:00+00:00,279.1700134277344,118055
2025-11-25 14:58:00+00:00,278.69500732421875,80675
2025-11-25 14:59:00+00:00,279.3800048828125,91172
2025-11-25 15:00:00+00:00,278.94000244140625,139317
2025-11-25 15:01:00+00:00,278.6000061035156,106701
2025-11-25 15:02:00+00:00,277.8999938964844,145739
2025-11-25 15:03:00+00:00,277.93499755859375,141418
2025-11-25 15:04:00+00:00,277.9200134277344,67304
2025-11-25 15:05:00+00:00,278.3580017089844,79940
2025-11-25 15:06:00+00:00,278.6300048828125,57781
2025-11-25 15:07:00+00:00,278.9599914550781,86784
2025-11-25 15:08:00+00:00,278.7950134277344,99748
2025-11-25 15:09:00+00:00,279.2650146484375,72881
2025-11-25 15:10:00+00:00,279.114990234375,105859
2025-11-25 15:11:00+00:00,278.8399963378906,104063
2025-11-25 15:12:00+00:00,278.9849853515625,66535
2025-11-25 15:13:00+00:00,278.9599914550781,78827
2025-11-25 15:14:00+00:00,278.864990234375,62694
2025-11-25 15:15:00+00:00,279.0899963378906,70139
2025-11-25 15:16:00+00:00,279.1449890136719,86024
2025-11-25 15:17:00+00:00,278.80999755859375,93510
2025-11-25 15:18:00+00:00,279.05999755859375,44100
2025-11-25 15:19:00+00:00,279.1099853515625,85744
2025-11-25 15:20:00+00:00,278.8999938964844,62602
2025-11-25 15:21:00+00:00,278.8699951171875,55477
2025-11-25 15:22:00+00:00,278.68499755859375,50966
2025-11-25 15:23:00+00:00,278.6099853515625,44974
2025-11-25 15:24:00+00:00,278.4158935546875,48609
2025-11-25 15:25:00+00:00,278.6600036621094,62246
2025-11-25 15:26:00+00:00,278.67999267578125,28785
2025-11-25 15:27:00+00:00,278.5150146484375,57909
2025-11-25 15:28:00+00:00,278.7049865722656,65368
2025-11-25 15:29:00+00:00,278.9049987792969,56678
2025-11-25 15:30:00+00:00,279.2699890136719,89709
2025-11-25 15:31:00+00:00,279.3301086425781,55208
2025-11-25 15:32:00+00:00,279.43499755859375,80515
2025-11-25 15:33:00+00:00,279.5199890136719,80742
2025-11-25 15:34:00+00:00,279.5000915527344,46659
2025-11-25 15:35:00+00:00,279.0299987792969,57223
2025-11-25 15:36:00+00:00,279.1099853515625,48765
2025-11-25 15:37:00+00:00,278.92999267578125,37314
2025-11-25 15:38:00+00:00,278.9599914550781,64854
2025-11-25 15:39:00+00:00,278.8500061035156,35747
2025-11-25 15:40:00+00:00,279.1600036621094,46565
2025-11-25 15:41:00+00:00,279.0899963378906,34828
2025-11-25 15:42:00+00:00,279.0899963378906,61407
2025-11-25 15:43:00+00:00,279.04998779296875,39427
2025-11-25 15:44:00+00:00,279.56048583984375,70335
2025-11-25 15:45:00+00:00,279.5150146484375,44918
2025-11-25 15:46:00+00:00,279.55999755859375,34833
2025-11-25 15:47:00+00:00,279.4100036621094,40895
2025-11-25 15:48:00+00:00,279.2550048828125,38796
2025-11-25 15:49:00+00:00,278.9254150390625,60202
2025-11-25 15:50:00+00:00,278.69000244140625,53945
2025-11-25 15:51:00+00:00,278.6300048828125,29923
2025-11-25 15:52:00+00:00,278.8381042480469,63479
2025-11-25 15:53:00+00:00,278.76220703125,56795
2025-11-25 15:54:00+00:00,278.6700134277344,29646
2025-11-25 15:55:00+00:00,278.625,21867
2025-11-25 15:56:00+00:00,278.5899963378906,39861
2025-11-25 15:57:00+00:00,278.6549987792969,31064
2025-11-25 15:58:00+00:00,278.8039855957031,30507
2025-11-25 15:59:00+00:00,278.8389892578125,88898
2025-11-25 16:00:00+00:00,278.989990234375,41152
2025-11-25 16:01:00+00:00,278.92999267578125,38471
2025-11-25 16:02:00+00:00,278.82000732421875,50024
2025-11-25 16:03:00+00:00,278.92999267578125,22547
2025-11-25 16:04:00+00:00,278.95001220703125,39978
2025-11-25 16:05:00+00:00,278.7250061035156,36868
2025-11-25 16:06:00+00:00,278.8399963378906,31293
2025-11-25 16:07:00+00:00,278.9599914550781,40721
2025-11-25 16:08:00+00:00,278.9599914550781,45474
2025-11-25 16:09:00+00:00,278.82501220703125,69783
2025-11-25 16:10:00+00:00,278.739990234375,33849
2025-11-25 16:11:00+00:00,278.43499755859375,61360
2025-11-25 16:12:00+00:00,278.5249938964844,38586
2025-11-25 16:13:00+00:00,278.4849853515625,34434
2025-11-25 16:14:00+00:00,278.3500061035156,66132
2025-11-25 16:15:00+00:00,278.2300109863281,75420
2025-11-25 16:16:00+00:00,278.3800048828125,30235
2025-11-25 16:17:00+00:00,278.4100036621094,29049
2025-11-25 16:18:00+00:00,278.489990234375,26299
2025-11-25 16:19:00+00:00,278.37811279296875,35802
2025-11-25 16:20:00+00:00,278.6199035644531,43917
2025-11-25 16:21:00+00:00,278.6000061035156,31262
2025-11-25 16:22:00+00:00,278.3688049316406,50832
2025-11-25 16:23:00+00:00,278.3955078125,52188
2025-11-25 16:24:00+00:00,278.2699890136719,48479
2025-11-25 16:25:00+00:00,278.0899963378906,50306
2025-11-25 16:26:00+00:00,278.00909423828125,60003
2025-11-25 16:27:00+00:00,278.0,46206
2025-11-25 16:28:00+00:00,277.83819580078125,49440
2025-11-25 16:29:00+00:00,277.8299865722656,45396
2025-11-25 16:30:00+00:00,277.80999755859375,55535
2025-11-25 16:31:00+00:00,277.8500061035156,34465
2025-11-25 16:32:00+00:00,277.8522033691406,34165
2025-11-25 16:33:00+00:00,277.8348083496094,57767
2025-11-25 16:34:00+00:00,277.80999755859375,24208
2025-11-25 16:35:00+00:00,277.8299865722656,36393
2025-11-25 16:36:00+00:00,277.7300109863281,44932
2025-11-25 16:37:00+00:00,277.80059814453125,46288
2025-11-25 16:38:00+00:00,277.70001220703125,39419
2025-11-25 16:39:00+00:00,277.7026062011719,43284
2025-11-25 16:40:00+00:00,277.8999938964844,50810
2025-11-25 16:41:00+00:00,277.75,84741
2025-11-25 16:42:00+00:00,277.79998779296875,40884
2025-11-25 16:43:00+00:00,277.8399963378906,31650
2025-11-25 16:44:00+00:00,277.8699035644531,55157
2025-11-25 16:45:00+00:00,277.6000061035156,32106
2025-11-25 16:46:00+00:00,277.6300048828125,27866
2025-11-25 16:47:00+00:00,277.7099914550781,31015
2025-11-25 16:48:00+00:00,277.8124084472656,42499
2025-11-25 16:49:00+00:00,278.1000061035156,39435
2025-11-25 16:50:00+00:00,278.2650146484375,55523
2025-11-25 16:51:00+00:00,278.3179931640625,58331
2025-11-25 16:52:00+00:00,278.4858093261719,76689
2025-11-25 16:53:00+00:00,278.489990234375,53196
2025-11-25 16:54:00+00:00,278.4599914550781,30168
2025-11-25 16:55:00+00:00,278.4599914550781,39320
2025-11-25 16:56:00+00:00,278.5350036621094,40283
2025-11-25 16:57:00+00:00,278.510009765625,41033
2025-11-25 16:58:00+00:00,278.67999267578125,51176
2025-11-25 16:59:00+00:00,278.6600036621094,45834
2025-11-25 17:00:00+00:00,278.57000732421875,80149
2025-11-25 17:01:00+00:00,278.4200134277344,47148
2025-11-25 17:02:00+00:00,278.5799865722656,32210
2025-11-25 17:03:00+00:00,278.53228759765625,32322
2025-11-25 17:04:00+00:00,278.5199890136719,34233
2025-11-25 17:05:00+00:00,278.739990234375,54979
2025-11-25 17:06:00+00:00,278.70001220703125,31831
2025-11-25 17:07:00+00:00,278.7200012207031,37023
2025-11-25 17:08:00+00:00,278.739990234375,23234
2025-11-25 17:09:00+00:00,278.739990234375,37211
2025-11-25 17:10:00+00:00,278.7449951171875,35635
2025-11-25 17:11:00+00:00,278.7764892578125,38539
2025-11-25 17:12:00+00:00,278.95001220703125,96825
2025-11-25 17:13:00+00:00,278.8599853515625,32310
2025-11-25 17:14:00+00:00,278.92999267578125,17431
2025-11-25 17:15:00+00:00,278.8699951171875,25703
2025-11-25 17:16:00+00:00,278.8299865722656,22935
2025-11-25 17:17:00+00:00,278.8599853515625,47551
2025-11-25 17:18:00+00:00,278.81500244140625,24837
2025-11-25 17:19:00+00:00,278.92999267578125,40271
2025-11-25 17:20:00+00:00,278.9800109863281,55984
2025-11-25 17:21:00+00:00,278.9200134277344,26389
2025-11-25 17:22:00+00:00,279.0069885253906,17850
2025-11-25 17:23:00+00:00,279.0350036621094,44850
2025-11-25 17:24:00+00:00,279.1199951171875,22208
2025-11-25 17:25:00+00:00,279.2301025390625,44789
2025-11-25 17:26:00+00:00,279.2449951171875,45850
2025-11-25 17:27:00+00:00,279.2099914550781,24252
2025-11-25 17:28:00+00:00,279.17999267578125,21315
2025-11-25 17:29:00+00:00,279.0700988769531,64643
2025-11-25 17:30:00+00:00,279.04998779296875,40233
2025-11-25 17:31:00+00:00,279.20001220703125,39302
2025-11-25 17:32:00+00:00,279.29998779296875,41585
2025-11-25 17:33:00+00:00,279.2799987792969,40672
2025-11-25 17:34:00+00:00,279.1400146484375,37485
2025-11-25 17:35:00+00:00,279.0899963378906,51338
2025-11-25 17:36:00+00:00,278.99578857421875,40510
2025-11-25 17:37:00+00:00,279.2300109863281,41659
2025-11-25 17:38:00+00:00,279.1600036621094,36857
2025-11-25 17:39:00+00:00,279.20001220703125,38343
2025-11-25 17:40:00+00:00,279.1499938964844,24843
2025-11-25 17:41:00+00:00,279.1000061035156,35105
2025-11-25 17:42:00+00:00,279.05999755859375,57836
2025-11-25 17:43:00+00:00,278.989990234375,32028
2025-11-25 17:44:00+00:00,279.0600891113281,36734
2025-11-25 17:45:00+00:00,279.1600036621094,46868
2025-11-25 17:46:00+00:00,279.0199890136719,35281
2025-11-25 17:47:00+00:00,279.0166015625,28238
2025-11-25 17:48:00+00:00,278.989990234375,35734
2025-11-25 17:49:00+00:00,278.95001220703125,26947
2025-11-25 17:50:00+00:00,278.9200134277344,32712
2025-11-25 17:51:00+00:00,278.9200134277344,30944
2025-11-25 17:52:00+00:00,278.9049987792969,35520
2025-11-25 17:53:00+00:00,278.8800048828125,34426
2025-11-25 17:54:00+00:00,278.8550109863281,26602
2025-11-25 17:55:00+00:00,278.8550109863281,21482
2025-11-25 17:56:00+00:00,278.69000244140625,28135
2025-11-25 17:57:00+00:00,278.70001220703125,33296
2025-11-25 17:58:00+00:00,278.6099853515625,34284
2025-11-25 17:59:00+00:00,278.5299987792969,37244
2025-11-25 18:00:00+00:00,278.4800109863281,32012
2025-11-25 18:01:00+00:00,278.6499938964844,35423
2025-11-25 18:02:00+00:00,278.6000061035156,28697
2025-11-25 18:03:00+00:00,278.4599914550781,38635
2025-11-25 18:04:00+00:00,278.3800048828125,24718
2025-11-25 18:05:00+00:00,278.32000732421875,38704
2025-11-25 18:06:00+00:00,278.2950134277344,44562
2025-11-25 18:07:00+00:00,278.45001220703125,30682
2025-11-25 18:08:00+00:00,278.3800048828125,42457
2025-11-25 18:09:00+00:00,278.5899963378906,24167
2025-11-25 18:10:00+00:00,278.6099853515625,25468
2025-11-25 18:11:00+00:00,278.6531066894531,24842
2025-11-25 18:12:00+00:00,278.7099914550781,35739
2025-11-25 18:13:00+00:00,278.68499755859375,18633
2025-11-25 18:14:00+00:00,278.6449890136719,31907
2025-11-25 18:15:00+00:00,278.7200012207031,38863
2025-11-25 18:16:00+00:00,278.6199951171875,29102
2025-11-25 18:17:00+00:00,278.5085144042969,14416
2025-11-25 18:18:00+00:00,278.5,20713
2025-11-25 18:19:00+00:00,278.6000061035156,39943
2025-11-25 18:20:00+00:00,278.54998779296875,19573
2025-11-25 18:21:00+00:00,278.5799865722656,34219
2025-11-25 18:22:00+00:00,278.6700134277344,22844
2025-11-25 18:23:00+00:00,278.66009521484375,15643
2025-11-25 18:24:00+00:00,278.70001220703125,22657
2025-11-25 18:25:00+00:00,278.6449890136719,22387
2025-11-25 18:26:00+00:00,278.6499938964844,16880
2025-11-25 18:27:00+00:00,278.57501220703125,20723
2025-11-25 18:28:00+00:00,278.690185546875,21215
2025-11-25 18:29:00+00:00,278.760009765625,27046
2025-11-25 18:30:00+00:00,278.7651062011719,26826
2025-11-25 18:31:00+00:00,278.70001220703125,26137
2025-11-25 18:32:00+00:00,278.5899963378906,25067
2025-11-25 18:33:00+00:00,278.57501220703125,16957
2025-11-25 18:34:00+00:00,278.614990234375,21493
2025-11-25 18:35:00+00:00,278.6300048828125,18185
2025-11-25 18:36:00+00:00,278.7309875488281,35716
2025-11-25 18:37:00+00:00,278.57000732421875,44198
2025-11-25 18:38:00+00:00,278.56500244140625,20150
2025-11-25 18:39:00+00:00,278.6300048828125,32794
2025-11-25 18:40:00+00:00,278.5887145996094,26060
2025-11-25 18:41:00+00:00,278.6600036621094,23467
2025-11-25 18:42:00+00:00,278.6000061035156,42023
2025-11-25 18:43:00+00:00,278.6549987792969,20842
2025-11-25 18:44:00+00:00,278.63909912109375,33385
2025-11-25 18:45:00+00:00,278.625,25508
2025-11-25 18:46:00+00:00,278.57000732421875,25487
2025-11-25 18:47:00+00:00,278.6099853515625,40033
2025-11-25 18:48:00+00:00,278.6400146484375,27881
2025-11-25 18:49:00+00:00,278.6300048828125,18780
2025-11-25 18:50:00+00:00,278.6499938964844,13380
2025-11-25 18:51:00+00:00,278.6099853515625,21348
2025-11-25 18:52:00+00:00,278.54998779296875,34765
2025-11-25 18:53:00+00:00,278.5199890136719,39036
2025-11-25 18:54:00+00:00,278.4200134277344,38064
2025-11-25 18:55:00+00:00,278.3900146484375,21716
2025-11-25 18:56:00+00:00,278.3580017089844,25610
2025-11-25 18:57:00+00:00,278.30999755859375,35610
2025-11-25 18:58:00+00:00,278.3599853515625,30774
2025-11-25 18:59:00+00:00,278.29998779296875,38050
2025-11-25 19:00:00+00:00,278.1650085449219,34032
2025-11-25 19:01:00+00:00,278.1802062988281,59758
2025-11-25 19:02:00+00:00,278.2099914550781,31330
2025-11-25 19:03:00+00:00,278.0299987792969,29018
2025-11-25 19:04:00+00:00,277.9100036621094,39413
2025-11-25 19:05:00+00:00,277.8900146484375,27219
2025-11-25 19:06:00+00:00,277.92999267578125,24799
2025-11-25 19:07:00+00:00,277.9800109863281,20381
2025-11-25 19:08:00+00:00,277.9750061035156,15960
2025-11-25 19:09:00+00:00,278.010009765625,36120
2025-11-25 19:10:00+00:00,278.0669860839844,27243
2025-11-25 19:11:00+00:00,278.07000732421875,36648
2025-11-25 19:12:00+00:00,278.1650085449219,24024
2025-11-25 19:13:00+00:00,278.30999755859375,19839
2025-11-25 19:14:00+00:00,278.3399963378906,21751
2025-11-25 19:15:00+00:00,278.2200012207031,31335
2025-11-25 19:16:00+00:00,278.060791015625,26123
2025-11-25 19:17:00+00:00,278.0799865722656,37690
2025-11-25 19:18:00+00:00,277.9800109863281,32891
2025-11-25 19:19:00+00:00,277.9200134277344,37425
2025-11-25 19:20:00+00:00,277.9200134277344,26282
2025-11-25 19:21:00+00:00,277.9400939941406,33850
2025-11-25 19:22:00+00:00,277.9599914550781,38603
2025-11-25 19:23:00+00:00,278.04998779296875,17871
2025-11-25 19:24:00+00:00,278.0899963378906,35332
2025-11-25 19:25:00+00:00,278.0400085449219,24480
2025-11-25 19:26:00+00:00,278.0400085449219,21703
2025-11-25 19:27:00+00:00,277.989990234375,16878
2025-11-25 19:28:00+00:00,278.0138854980469,20105
2025-11-25 19:29:00+00:00,278.0350036621094,30282
2025-11-25 19:30:00+00:00,278.03009033203125,31377
2025-11-25 19:31:00+00:00,277.9953918457031,24291
2025-11-25 19:32:00+00:00,277.95001220703125,26760
2025-11-25 19:33:00+00:00,278.0,15306
2025-11-25 19:34:00+00:00,277.82000732421875,39527
2025-11-25 19:35:00+00:00,277.7900085449219,33576
2025-11-25 19:36:00+00:00,277.7200012207031,31767
2025-11-25 19:37:00+00:00,277.7349853515625,26720
2025-11-25 19:38:00+00:00,277.8699951171875,34703
2025-11-25 19:39:00+00:00,277.83990478515625,20208
2025-11-25 19:40:00+00:00,277.7950134277344,27460
2025-11-25 19:41:00+00:00,277.9400939941406,27164
2025-11-25 19:42:00+00:00,277.8900146484375,15324
2025-11-25 19:43:00+00:00,277.9601135253906,15113
2025-11-25 19:44:00+00:00,277.9849853515625,20606
2025-11-25 19:45:00+00:00,277.989990234375,29401
2025-11-25 19:46:00+00:00,277.9100036621094,25172
2025-11-25 19:47:00+00:00,277.8999938964844,17043
2025-11-25 19:48:00+00:00,277.7900085449219,32656
2025-11-25 19:49:00+00:00,277.8900146484375,15671
2025-11-25 19:50:00+00:00,277.92999267578125,32830
2025-11-25 19:51:00+00:00,277.95001220703125,23488
2025-11-25 19:52:00+00:00,278.0400085449219,47287
2025-11-25 19:53:00+00:00,278.04998779296875,30248
2025-11-25 19:54:00+00:00,277.9339904785156,24311
2025-11-25 19:55:00+00:00,277.94500732421875,28052
2025-11-25 19:56:00+00:00,277.80999755859375,42343
2025-11-25 19:57:00+00:00,277.7200012207031,27224
2025-11-25 19:58:00+00:00,277.57000732421875,41831
2025-11-25 19:59:00+00:00,277.510009765625,32002
2025-11-25 20:00:00+00:00,277.7701110839844,75612
2025-11-25 20:01:00+00:00,277.8399963378906,38170
2025-11-25 20:02:00+00:00,277.82501220703125,27873
2025-11-25 20:03:00+00:00,277.92999267578125,35854
2025-11-25 20:04:00+00:00,277.95001220703125,42939
2025-11-25 20:05:00+00:00,277.94000244140625,35040
2025-11-25 20:06:00+00:00,277.9800109863281,78845
2025-11-25 20:07:00+00:00,277.8900146484375,33099
2025-11-25 20:08:00+00:00,277.8699951171875,22894
2025-11-25 20:09:00+00:00,277.7449951171875,20642
2025-11-25 20:10:00+00:00,277.79998779296875,26383
2025-11-25 20:11:00+00:00,277.75,20995
2025-11-25 20:12:00+00:00,277.7522888183594,18195
2025-11-25 20:13:00+00:00,277.739990234375,32535
2025-11-25 20:14:00+00:00,277.7449951171875,21218
2025-11-25 20:15:00+00:00,277.8500061035156,28944
2025-11-25 20:16:00+00:00,277.860595703125,24550
2025-11-25 20:17:00+00:00,277.8315124511719,35400
2025-11-25 20:18:00+00:00,277.8299865722656,24405
2025-11-25 20:19:00+00:00,277.82000732421875,28812
2025-11-25 20:20:00+00:00,277.7900085449219,47118
2025-11-25 20:21:00+00:00,277.75,31218
2025-11-25 20:22:00+00:00,277.7001037597656,23879
2025-11-25 20:23:00+00:00,277.69500732421875,37566
2025-11-25 20:24:00+00:00,277.7049865722656,29280
2025-11-25 20:25:00+00:00,277.5942077636719,52796
2025-11-25 20:26:00+00:00,277.6000061035156,65805
2025-11-25 20:27:00+00:00,277.6300048828125,36059
2025-11-25 20:28:00+00:00,277.55499267578125,32248
2025-11-25 20:29:00+00:00,277.56500244140625,41960
2025-11-25 20:30:00+00:00,277.54998779296875,36267
2025-11-25 20:31:00+00:00,277.5950012207031,2066
2025-11-25 20:33:00+00:00,277.44500732421875,122062
2025-11-25 20:34:00+00:00,277.43499755859375,32066
2025-11-25 20:35:00+00:00,277.42999267578125,49421
2025-11-25 20:36:00+00:00,277.3550109863281,42292
2025-11-25 20:37:00+00:00,277.35150146484375,35531
2025-11-25 20:38:00+00:00,277.5,41080
2025-11-25 20:39:00+00:00,277.69000244140625,51211
2025-11-25 20:40:00+00:00,277.79998779296875,62821
2025-11-25 20:41:00+00:00,277.635986328125,52710
2025-11-25 20:42:00+00:00,277.5400085449219,33352
2025-11-25 20:43:00+00:00,277.4750061035156,39262
2025-11-25 20:44:00+00:00,277.3500061035156,57302
2025-11-25 20:45:00+00:00,277.3525085449219,59563
2025-11-25 20:46:00+00:00,277.4100036621094,64913
2025-11-25 20:47:00+00:00,277.54998779296875,40091
2025-11-25 20:48:00+00:00,277.55999755859375,41426
2025-11-25 20:49:00+00:00,277.5150146484375,33970
2025-11-25 20:50:00+00:00,277.8900146484375,116397
2025-11-25 20:51:00+00:00,277.8299865722656,62844
2025-11-25 20:52:00+00:00,277.7250061035156,84118
2025-11-25 20:53:00+00:00,277.82000732421875,59385
2025-11-25 20:54:00+00:00,277.42999267578125,165429
2025-11-25 20:55:00+00:00,277.3999938964844,107494
2025-11-25 20:56:00+00:00,277.2149963378906,199679
2025-11-25 20:57:00+00:00,277.010009765625,145477
2025-11-25 20:58:00+00:00,277.010009765625,188594
2025-11-25 20:59:00+00:00,276.95001220703125,421382
2025-11-26 14:30:00+00:00,277.95001220703125,1187833
2025-11-26 14:31:00+00:00,278.9100036621094,215971
2025-11-26 14:32:00+00:00,278.5400085449219,158859
2025-11-26 14:33:00+00:00,278.20001220703125,114169
2025-11-26 14:34:00+00:00,278.5849914550781,78468
2025-11-26 14:35:00+00:00,278.6700134277344,115115
2025-11-26 14:36:00+00:00,278.4368896484375,95226
2025-11-26 14:37:00+00:00,278.0400085449219,86640
2025-11-26 14:38:00+00:00,277.9800109863281,88420
2025-11-26 14:39:00+00:00,277.9547119140625,70348
2025-11-26 14:40:00+00:00,278.0400085449219,53089
2025-11-26 14:41:00+00:00,277.8500061035156,57468
2025-11-26 14:42:00+00:00,277.87139892578125,87375
2025-11-26 14:43:00+00:00,277.32000732421875,93253
2025-11-26 14:44:00+00:00,277.2799987792969,89916
2025-11-26 14:45:00+00:00,277.6499938964844,98477
2025-11-26 14:46:00+00:00,277.8349914550781,62072
2025-11-26 14:47:00+00:00,277.6099853515625,65006
2025-11-26 14:48:00+00:00,277.7550048828125,48625
2025-11-26 14:49:00+00:00,277.80999755859375,72973
2025-11-26 14:50:00+00:00,278.31500244140625,96265
2025-11-26 14:51:00+00:00,277.8599853515625,73833
2025-11-26 14:52:00+00:00,277.57000732421875,54361
2025-11-26 14:53:00+00:00,277.343994140625,59681
2025-11-26 14:54:00+00:00,277.1000061035156,62825
2025-11-26 14:55:00+00:00,277.260009765625,60106
2025-11-26 14:56:00+00:00,277.2099914550781,46960
2025-11-26 14:57:00+00:00,277.17498779296875,40023
2025-11-26 14:58:00+00:00,276.9800109863281,60209
2025-11-26 14:59:00+00:00,277.1023864746094,117731
2025-11-26 15:00:00+00:00,277.0299987792969,144755
2025-11-26 15:01:00+00:00,276.9195861816406,81542
2025-11-26 15:02:00+00:00,277.1549987792969,80082
2025-11-26 15:03:00+00:00,276.9200134277344,75831
2025-11-26 15:04:00+00:00,276.7449951171875,42376
2025-11-26 15:05:00+00:00,276.8500061035156,46756
2025-11-26 15:06:00+00:00,276.864990234375,65183
2025-11-26 15:07:00+00:00,277.3760070800781,56905
2025-11-26 15:08:00+00:00,277.5199890136719,65769
2025-11-26 15:09:00+00:00,277.4100036621094,72381
2025-11-26 15:10:00+00:00,277.2900085449219,52890
2025-11-26 15:11:00+00:00,277.2099914550781,42804
2025-11-26 15:12:00+00:00,277.3299865722656,29320
2025-11-26 15:13:00+00:00,277.4364929199219,26522
2025-11-26 15:14:00+00:00,277.42498779296875,40735
2025-11-26 15:15:00+00:00,277.2799987792969,44535
2025-11-26 15:16:00+00:00,277.0199890136719,34213
2025-11-26 15:17:00+00:00,277.18499755859375,27447
2025-11-26 15:18:00+00:00,277.29998779296875,27825
2025-11-26 15:19:00+00:00,277.1549987792969,32651
2025-11-26 15:20:00+00:00,277.3699951171875,43803
2025-11-26 15:21:00+00:00,277.42999267578125,32867
2025-11-26 15:22:00+00:00,277.3901062011719,31612
2025-11-26 15:23:00+00:00,277.45379638671875,33199
2025-11-26 15:24:00+00:00,277.67999267578125,32482
2025-11-26 15:25:00+00:00,277.5899963378906,40112
2025-11-26 15:26:00+00:00,277.7781066894531,26928
2025-11-26 15:27:00+00:00,277.88848876953125,64591
2025-11-26 15:28:00+00:00,277.875,33883
2025-11-26 15:29:00+00:00,277.80999755859375,44811
2025-11-26 15:30:00+00:00,277.54998779296875,60001
2025-11-26 15:31:00+00:00,277.4700012207031,30786
2025-11-26 15:32:00+00:00,277.3800048828125,34302
2025-11-26 15:33:00+00:00,277.239990234375,33824
2025-11-26 15:34:00+00:00,277.3960876464844,32771
2025-11-26 15:35:00+00:00,277.50750732421875,32579
2025-11-26 15:36:00+00:00,277.45001220703125,34359
2025-11-26 15:37:00+00:00,277.4104919433594,19603
2025-11-26 15:38:00+00:00,277.4100036621094,28494
2025-11-26 15:39:00+00:00,277.3299865722656,39975
2025-11-26 15:40:00+00:00,277.17999267578125,43538
2025-11-26 15:41:00+00:00,277.1700134277344,49736
2025-11-26 15:42:00+00:00,277.2300109863281,30841
2025-11-26 15:43:00+00:00,277.29998779296875,36836
2025-11-26 15:44:00+00:00,277.2099914550781,46397
2025-11-26 15:45:00+00:00,277.1499938964844,26798
2025-11-26 15:46:00+00:00,276.9800109863281,37751
2025-11-26 15:47:00+00:00,276.9198913574219,36809
2025-11-26 15:48:00+00:00,276.8450012207031,45752
2025-11-26 15:49:00+00:00,276.92510986328125,24074
2025-11-26 15:50:00+00:00,277.19000244140625,50009
2025-11-26 15:51:00+00:00,277.4599914550781,75934
2025-11-26 15:52:00+00:00,277.7799987792969,53231
2025-11-26 15:53:00+00:00,277.7799987792969,39591
2025-11-26 15:54:00+00:00,277.8800048828125,33759
2025-11-26 15:55:00+00:00,278.0599060058594,87048
2025-11-26 15:56:00+00:00,278.04998779296875,38742
2025-11-26 15:57:00+00:00,278.05999755859375,43594
2025-11-26 15:58:00+00:00,278.1990966796875,36462
2025-11-26 15:59:00+00:00,278.0799865722656,46472
2025-11-26 16:00:00+00:00,278.1600036621094,39569
2025-11-26 16:01:00+00:00,277.9461975097656,47290
2025-11-26 16:02:00+00:00,278.0,44092
2025-11-26 16:03:00+00:00,277.9599914550781,27662
2025-11-26 16:04:00+00:00,278.010009765625,22528
2025-11-26 16:05:00+00:00,278.03509521484375,25386
2025-11-26 16:06:00+00:00,278.072998046875,25186
2025-11-26 16:07:00+00:00,278.125,47214
2025-11-26 16:08:00+00:00,278.2889099121094,47715
2025-11-26 16:09:00+00:00,278.2900085449219,50338
2025-11-26 16:10:00+00:00,278.3699035644531,27485
2025-11-26 16:11:00+00:00,278.3700866699219,55567
2025-11-26 16:12:00+00:00,278.4888916015625,49707
2025-11-26 16:13:00+00:00,278.5481872558594,33730
2025-11-26 16:14:00+00:00,278.5899963378906,41437
2025-11-26 16:15:00+00:00,278.6705017089844,39117
2025-11-26 16:16:00+00:00,278.5600891113281,47281
2025-11-26 16:17:00+00:00,278.6000061035156,35777
2025-11-26 16:18:00+00:00,278.6319885253906,34409
2025-11-26 16:19:00+00:00,278.6600036621094,21257
2025-11-26 16:20:00+00:00,278.6700134277344,35832
2025-11-26 16:21:00+00:00,278.8500061035156,36324
2025-11-26 16:22:00+00:00,278.8511047363281,58339
2025-11-26 16:23:00+00:00,278.9100036621094,33920
2025-11-26 16:24:00+00:00,279.0382080078125,139892
2025-11-26 16:25:00+00:00,279.06549072265625,36531
2025-11-26 16:26:00+00:00,279.04998779296875,30203
2025-11-26 16:27:00+00:00,279.04998779296875,36084
2025-11-26 16:28:00+00:00,279.010009765625,25996
2025-11-26 16:29:00+00:00,279.0101013183594,84675
2025-11-26 16:30:00+00:00,278.92999267578125,52604
2025-11-26 16:31:00+00:00,278.92999267578125,24638
2025-11-26 16:32:00+00:00,278.96990966796875,21250
2025-11-26 16:33:00+00:00,279.0199890136719,36982
2025-11-26 16:34:00+00:00,279.04998779296875,24332
2025-11-26 16:35:00+00:00,279.1241149902344,22975
2025-11-26 16:36:00+00:00,279.1650085449219,81105
2025-11-26 16:37:00+00:00,279.1400146484375,23346
2025-11-26 16:38:00+00:00,279.010009765625,38177
2025-11-26 16:39:00+00:00,279.1499938964844,97147
2025-11-26 16:40:00+00:00,279.1549987792969,51601
2025-11-26 16:41:00+00:00,279.2598876953125,53917
2025-11-26 16:42:00+00:00,279.364990234375,38246
2025-11-26 16:43:00+00:00,279.4382019042969,73810
2025-11-26 16:44:00+00:00,279.43011474609375,33755
2025-11-26 16:45:00+00:00,279.42999267578125,38503
2025-11-26 16:46:00+00:00,279.45001220703125,32224
2025-11-26 16:47:00+00:00,279.4501037597656,67316
2025-11-26 16:48:00+00:00,279.4599914550781,27063
2025-11-26 16:49:00+00:00,279.5184020996094,37806
2025-11-26 16:50:00+00:00,279.36871337890625,128956
2025-11-26 16:51:00+00:00,279.3999938964844,30550
2025-11-26 16:52:00+00:00,279.29998779296875,42976
2025-11-26 16:53:00+00:00,279.3699951171875,48081
2025-11-26 16:54:00+00:00,279.44000244140625,21561
2025-11-26 16:55:00+00:00,279.44000244140625,118630
2025-11-26 16:56:00+00:00,279.4599914550781,32726
2025-11-26 16:57:00+00:00,279.42620849609375,33516
2025-11-26 16:58:00+00:00,279.45001220703125,52769
2025-11-26 16:59:00+00:00,279.29998779296875,172283
2025-11-26 17:00:00+00:00,279.3500061035156,29734
2025-11-26 17:01:00+00:00,279.30010986328125,60158
2025-11-26 17:02:00+00:00,279.3500061035156,36719
2025-11-26 17:03:00+00:00,279.3299865722656,30094
2025-11-26 17:04:00+00:00,279.1499938964844,67962
2025-11-26 17:05:00+00:00,279.239990234375,33957
2025-11-26 17:06:00+00:00,279.30938720703125,52706
2025-11-26 17:07:00+00:00,279.2099914550781,15902
2025-11-26 17:08:00+00:00,279.25,29038
2025-11-26 17:09:00+00:00,279.2200012207031,31311
2025-11-26 17:10:00+00:00,279.19000244140625,25917
2025-11-26 17:11:00+00:00,278.95001220703125,64368
2025-11-26 17:12:00+00:00,279.1000061035156,57129
2025-11-26 17:13:00+00:00,279.1700134277344,24949
2025-11-26 17:14:00+00:00,279.1400146484375,12544
2025-11-26 17:15:00+00:00,279.1400146484375,20911
2025-11-26 17:16:00+00:00,279.1099853515625,34804
2025-11-26 17:17:00+00:00,279.1000061035156,25420
2025-11-26 17:18:00+00:00,279.0,39356
2025-11-26 17:19:00+00:00,278.9599914550781,17302
2025-11-26 17:20:00+00:00,279.1600036621094,34128
2025-11-26 17:21:00+00:00,279.0799865722656,27801
2025-11-26 17:22:00+00:00,279.06280517578125,17762
2025-11-26 17:23:00+00:00,279.1518859863281,24292
2025-11-26 17:24:00+00:00,279.2099914550781,60693
2025-11-26 17:25:00+00:00,279.1400146484375,18109
2025-11-26 17:26:00+00:00,279.16778564453125,16767
2025-11-26 17:27:00+00:00,279.010009765625,71457
2025-11-26 17:28:00+00:00,278.9800109863281,23856
2025-11-26 17:29:00+00:00,279.0790100097656,22363
2025-11-26 17:30:00+00:00,279.1499938964844,24956
2025-11-26 17:31:00+00:00,279.1400146484375,21531
2025-11-26 17:32:00+00:00,279.1700134277344,23814
2025-11-26 17:33:00+00:00,279.1600036621094,18181
2025-11-26 17:34:00+00:00,279.1650085449219,19024
2025-11-26 17:35:00+00:00,279.0249938964844,30266
2025-11-26 17:36:00+00:00,279.1153869628906,14944
2025-11-26 17:37:00+00:00,279.135009765625,41586
2025-11-26 17:38:00+00:00,278.96820068359375,29675
2025-11-26 17:39:00+00:00,279.0400085449219,48350
2025-11-26 17:40:00+00:00,279.0,120609
2025-11-26 17:41:00+00:00,278.9200134277344,24075
2025-11-26 17:42:00+00:00,278.95001220703125,23979
2025-11-26 17:43:00+00:00,278.9599914550781,15893
2025-11-26 17:44:00+00:00,279.10919189453125,34651
2025-11-26 17:45:00+00:00,279.1499938964844,60236
2025-11-26 17:46:00+00:00,279.239990234375,75509
2025-11-26 17:47:00+00:00,279.2015075683594,27561
2025-11-26 17:48:00+00:00,279.2099914550781,32353
2025-11-26 17:49:00+00:00,279.1553039550781,42889
2025-11-26 17:50:00+00:00,279.19000244140625,18476
2025-11-26 17:51:00+00:00,279.00830078125,57079
2025-11-26 17:52:00+00:00,279.0450134277344,20081
2025-11-26 17:53:00+00:00,278.94000244140625,25481
2025-11-26 17:54:00+00:00,278.8699951171875,19851
2025-11-26 17:55:00+00:00,278.8550109863281,37014
2025-11-26 17:56:00+00:00,278.8500061035156,35833
2025-11-26 17:57:00+00:00,278.8599853515625,14865
2025-11-26 17:58:00+00:00,278.875,16645
2025-11-26 17:59:00+00:00,278.8800048828125,22466
2025-11-26 18:00:00+00:00,278.8399963378906,17058
2025-11-26 18:01:00+00:00,278.94000244140625,20562
2025-11-26 18:02:00+00:00,279.0184020996094,24145
2025-11-26 18:03:00+00:00,279.010009765625,16784
2025-11-26 18:04:00+00:00,279.0400085449219,11699
2025-11-26 18:05:00+00:00,278.9599914550781,22681
2025-11-26 18:06:00+00:00,278.9700012207031,20425
2025-11-26 18:07:00+00:00,278.8257141113281,24756
2025-11-26 18:08:00+00:00,278.80999755859375,22185
2025-11-26 18:09:00+00:00,278.5,97160
2025-11-26 18:10:00+00:00,278.32501220703125,35957
2025-11-26 18:11:00+00:00,278.2099914550781,31500
2025-11-26 18:12:00+00:00,278.42999267578125,54431
2025-11-26 18:13:00+00:00,278.4744873046875,38191
2025-11-26 18:14:00+00:00,278.54998779296875,32579
2025-11-26 18:15:00+00:00,278.4800109863281,43511
2025-11-26 18:16:00+00:00,278.409912109375,22335
2025-11-26 18:17:00+00:00,278.2699890136719,21694
2025-11-26 18:18:00+00:00,278.2550048828125,18903
2025-11-26 18:19:00+00:00,278.2250061035156,24878
2025-11-26 18:20:00+00:00,278.3299865722656,33123
2025-11-26 18:21:00+00:00,278.5350036621094,32369
2025-11-26 18:22:00+00:00,278.65008544921875,37691
2025-11-26 18:23:00+00:00,278.69000244140625,23829
2025-11-26 18:24:00+00:00,278.6553955078125,28519
2025-11-26 18:25:00+00:00,278.7300109863281,18787
2025-11-26 18:26:00+00:00,278.743408203125,26004
2025-11-26 18:27:00+00:00,278.7099914550781,22392
2025-11-26 18:28:00+00:00,278.7200012207031,20309
2025-11-26 18:29:00+00:00,278.54998779296875,28949
2025-11-26 18:30:00+00:00,278.4700012207031,17280
2025-11-26 18:31:00+00:00,278.4700012207031,13559
2025-11-26 18:32:00+00:00,278.2950134277344,21279
2025-11-26 18:33:00+00:00,278.2699890136719,28161
2025-11-26 18:34:00+00:00,278.239990234375,25418
2025-11-26 18:35:00+00:00,278.239990234375,22008
2025-11-26 18:36:00+00:00,278.2200012207031,22830
2025-11-26 18:37:00+00:00,278.1199951171875,60698
2025-11-26 18:38:00+00:00,278.2699890136719,19681
2025-11-26 18:39:00+00:00,278.2900085449219,27061
2025-11-26 18:40:00+00:00,278.3699951171875,23998
2025-11-26 18:41:00+00:00,278.4801025390625,30667
2025-11-26 18:42:00+00:00,278.3999938964844,34127
2025-11-26 18:43:00+00:00,278.239990234375,15691
2025-11-26 18:44:00+00:00,278.07000732421875,21535
2025-11-26 18:45:00+00:00,278.0799865722656,18877
2025-11-26 18:46:00+00:00,278.1000061035156,19724
2025-11-26 18:47:00+00:00,278.1505126953125,16288
2025-11-26 18:48:00+00:00,278.17999267578125,16973
2025-11-26 18:49:00+00:00,278.25,26951
2025-11-26 18:50:00+00:00,278.260009765625,20849
2025-11-26 18:51:00+00:00,278.19500732421875,14918
2025-11-26 18:52:00+00:00,278.1299133300781,14856
2025-11-26 18:53:00+00:00,278.1099853515625,17275
2025-11-26 18:54:00+00:00,278.1199951171875,10387
2025-11-26 18:55:00+00:00,278.07000732421875,18539
2025-11-26 18:56:00+00:00,278.031005859375,26712
2025-11-26 18:57:00+00:00,278.07000732421875,22271
2025-11-26 18:58:00+00:00,278.0950012207031,33186
2025-11-26 18:59:00+00:00,278.1199951171875,11841
2025-11-26 19:00:00+00:00,278.1650085449219,15626
2025-11-26 19:01:00+00:00,278.3302001953125,47200
2025-11-26 19:02:00+00:00,278.33660888671875,33454
2025-11-26 19:03:00+00:00,278.3429870605469,17332
2025-11-26 19:04:00+00:00,278.1199951171875,32988
2025-11-26 19:05:00+00:00,278.1499938964844,24646
2025-11-26 19:06:00+00:00,278.0199890136719,27470
2025-11-26 19:07:00+00:00,278.1098937988281,19622
2025-11-26 19:08:00+00:00,277.9549865722656,17778
2025-11-26 19:09:00+00:00,278.05999755859375,19552
2025-11-26 19:10:00+00:00,278.1099853515625,22417
2025-11-26 19:11:00+00:00,278.17498779296875,40551
2025-11-26 19:12:00+00:00,278.2300109863281,24506
2025-11-26 19:13:00+00:00,278.260009765625,28501
2025-11-26 19:14:00+00:00,278.2749938964844,35725
2025-11-26 19:15:00+00:00,278.3299865722656,19376
2025-11-26 19:16:00+00:00,278.2300109863281,30152
2025-11-26 19:17:00+00:00,278.32000732421875,15272
2025-11-26 19:18:00+00:00,278.3399963378906,30919
2025-11-26 19:19:00+00:00,278.341796875,33198
2025-11-26 19:20:00+00:00,278.30999755859375,18232
2025-11-26 19:21:00+00:00,278.32000732421875,19663
2025-11-26 19:22:00+00:00,278.3349914550781,17232
2025-11-26 19:23:00+00:00,278.3299865722656,20731
2025-11-26 19:24:00+00:00,278.30499267578125,6358
2025-11-26 19:29:00+00:00,278.260009765625,134804
2025-11-26 19:30:00+00:00,278.260009765625,16370
2025-11-26 19:31:00+00:00,278.3309020996094,46198
2025-11-26 19:32:00+00:00,278.2950134277344,20108
2025-11-26 19:33:00+00:00,278.3634033203125,15446
2025-11-26 19:34:00+00:00,278.3599853515625,14708
2025-11-26 19:35:00+00:00,278.2254943847656,37142
2025-11-26 19:36:00+00:00,278.3699951171875,15710
2025-11-26 19:37:00+00:00,278.3699951171875,12896
2025-11-26 19:38:00+00:00,278.3800048828125,20693
2025-11-26 19:39:00+00:00,278.239990234375,23165
2025-11-26 19:40:00+00:00,278.17999267578125,17037
2025-11-26 19:41:00+00:00,278.2699890136719,38646
2025-11-26 19:42:00+00:00,278.3500061035156,33145
2025-11-26 19:43:00+00:00,278.17999267578125,16897
2025-11-26 19:44:00+00:00,278.1600036621094,13969
2025-11-26 19:45:00+00:00,278.22021484375,13495
2025-11-26 19:46:00+00:00,278.2699890136719,22346
2025-11-26 19:47:00+00:00,278.260009765625,13901
2025-11-26 19:48:00+00:00,278.2699890136719,17224
2025-11-26 19:49:00+00:00,278.260009765625,11834
2025-11-26 19:50:00+00:00,278.29998779296875,25042
2025-11-26 19:51:00+00:00,278.2300109863281,25980
2025-11-26 19:52:00+00:00,278.3299865722656,21849
2025-11-26 19:53:00+00:00,278.3500061035156,20437
2025-11-26 19:54:00+00:00,278.3599853515625,20805
2025-11-26 19:55:00+00:00,278.2300109863281,19269
2025-11-26 19:56:00+00:00,278.2500915527344,27885
2025-11-26 19:57:00+00:00,278.28009033203125,18832
2025-11-26 19:58:00+00:00,278.2298889160156,26800
2025-11-26 19:59:00+00:00,278.41009521484375,41576
2025-11-26 20:00:00+00:00,278.5209045410156,97909
2025-11-26 20:01:00+00:00,278.6007080078125,33319
2025-11-26 20:02:00+00:00,278.6600036621094,35212
2025-11-26 20:03:00+00:00,278.7799987792969,67817
2025-11-26 20:04:00+00:00,278.92498779296875,47224
2025-11-26 20:05:00+00:00,278.8999938964844,42414
2025-11-26 20:06:00+00:00,278.7650146484375,51063
2025-11-26 20:07:00+00:00,278.6600036621094,30315
2025-11-26 20:08:00+00:00,278.7049865722656,32112
2025-11-26 20:09:00+00:00,278.7149963378906,31904
2025-11-26 20:10:00+00:00,278.79998779296875,32200
2025-11-26 20:11:00+00:00,278.760009765625,38054
2025-11-26 20:12:00+00:00,278.7200012207031,26431
2025-11-26 20:13:00+00:00,278.7099914550781,34854
2025-11-26 20:14:00+00:00,278.7099914550781,40083
2025-11-26 20:15:00+00:00,278.72119140625,38607
2025-11-26 20:16:00+00:00,278.67999267578125,54302
2025-11-26 20:17:00+00:00,278.6600036621094,35535
2025-11-26 20:18:00+00:00,278.610107421875,47368
2025-11-26 20:19:00+00:00,278.54998779296875,46279
2025-11-26 20:20:00+00:00,278.55999755859375,50108
2025-11-26 20:21:00+00:00,278.5799865722656,43317
2025-11-26 20:22:00+00:00,278.5849914550781,36609
2025-11-26 20:23:00+00:00,278.3399963378906,57132
2025-11-26 20:24:00+00:00,278.3900146484375,45184
2025-11-26 20:25:00+00:00,278.1600036621094,42355
2025-11-26 20:26:00+00:00,278.2152099609375,46829
2025-11-26 20:27:00+00:00,278.135009765625,38054
2025-11-26 20:28:00+00:00,278.0400085449219,27547
2025-11-26 20:29:00+00:00,278.0799865722656,33712
2025-11-26 20:30:00+00:00,278.0299987792969,49288
2025-11-26 20:31:00+00:00,278.04998779296875,41176
2025-11-26 20:32:00+00:00,278.0378112792969,57485
2025-11-26 20:33:00+00:00,277.9200134277344,38637
2025-11-26 20:34:00+00:00,278.0299987792969,41548
2025-11-26 20:35:00+00:00,277.9100036621094,51668
2025-11-26 20:36:00+00:00,277.8900146484375,43682
2025-11-26 20:37:00+00:00,277.95001220703125,35217
2025-11-26 20:38:00+00:00,277.9150085449219,28212
2025-11-26 20:39:00+00:00,277.8140869140625,33215
2025-11-26 20:40:00+00:00,277.9049987792969,44457
2025-11-26 20:41:00+00:00,278.0799865722656,36727
2025-11-26 20:42:00+00:00,278.2099914550781,34963
2025-11-26 20:43:00+00:00,278.239990234375,34094
2025-11-26 20:44:00+00:00,278.17999267578125,34045
2025-11-26 20:45:00+00:00,278.2300109863281,33338
2025-11-26 20:46:00+00:00,278.1600036621094,37791
2025-11-26 20:47:00+00:00,277.9800109863281,25769
2025-11-26 20:48:00+00:00,277.9649963378906,24429
2025-11-26 20:49:00+00:00,278.0899963378906,29099
2025-11-26 20:50:00+00:00,277.7099914550781,76786
2025-11-26 20:51:00+00:00,277.69000244140625,67335
2025-11-26 20:52:00+00:00,277.6099853515625,89146
2025-11-26 20:53:00+00:00,277.739990234375,87186
2025-11-26 20:54:00+00:00,277.260009765625,202440
2025-11-26 20:55:00+00:00,277.6499938964844,157642
2025-11-26 20:56:00+00:00,277.7650146484375,124341
2025-11-26 20:57:00+00:00,277.7900085449219,121827
2025-11-26 20:58:00+00:00,277.82000732421875,190316
2025-11-26 20:59:00+00:00,277.4700012207031,7244143
2025-11-28 14:30:00+00:00,277.50048828125,1112644
2025-11-28 14:31:00+00:00,278.0400085449219,155757
2025-11-28 14:32:00+00:00,277.8500061035156,72598
2025-11-28 14:33:00+00:00,277.239990234375,78181
2025-11-28 14:34:00+00:00,277.1099853515625,41325
2025-11-28 14:35:00+00:00,277.0899963378906,82531
2025-11-28 14:36:00+00:00,277.30999755859375,65918
2025-11-28 14:37:00+00:00,277.3699951171875,40455
2025-11-28 14:38:00+00:00,277.1050109863281,34230
2025-11-28 14:39:00+00:00,277.0201110839844,92473
2025-11-28 14:40:00+00:00,276.54071044921875,73182
2025-11-28 14:41:00+00:00,276.1499938964844,74649
2025-11-28 14:42:00+00:00,276.3299865722656,72871
2025-11-28 14:43:00+00:00,276.2200012207031,49336
2025-11-28 14:44:00+00:00,276.42010498046875,62586
2025-11-28 14:45:00+00:00,276.3999938964844,59518
2025-11-28 14:46:00+00:00,276.3299865722656,37382
2025-11-28 14:47:00+00:00,276.4364013671875,59650
2025-11-28 14:48:00+00:00,276.4599914550781,30374
2025-11-28 14:49:00+00:00,276.8599853515625,64990
2025-11-28 14:50:00+00:00,276.8500061035156,59333
2025-11-28 14:51:00+00:00,277.0036926269531,49247
2025-11-28 14:52:00+00:00,276.3800048828125,87238
2025-11-28 14:53:00+00:00,276.51129150390625,53618
2025-11-28 14:54:00+00:00,276.3900146484375,49000
2025-11-28 14:55:00+00:00,276.3479919433594,37765
2025-11-28 14:56:00+00:00,276.1700134277344,52911
2025-11-28 14:57:00+00:00,276.2077941894531,59810
2025-11-28 14:58:00+00:00,276.760009765625,67030
2025-11-28 14:59:00+00:00,276.2701110839844,60448
2025-11-28 15:00:00+00:00,276.42999267578125,43546
2025-11-28 15:01:00+00:00,276.6700134277344,35137
2025-11-28 15:02:00+00:00,276.760009765625,53716
2025-11-28 15:03:00+00:00,276.864990234375,49767
2025-11-28 15:04:00+00:00,276.5400085449219,45265
2025-11-28 15:05:00+00:00,276.6435852050781,30869
2025-11-28 15:06:00+00:00,276.5459899902344,47265
2025-11-28 15:07:00+00:00,276.760009765625,65521
2025-11-28 15:08:00+00:00,276.6300048828125,53119
2025-11-28 15:09:00+00:00,276.6499938964844,37095
2025-11-28 15:10:00+00:00,276.5199890136719,46065
2025-11-28 15:11:00+00:00,276.4200134277344,37717
2025-11-28 15:12:00+00:00,276.6300048828125,27126
2025-11-28 15:13:00+00:00,276.7900085449219,36851
2025-11-28 15:14:00+00:00,276.6700134277344,26873
2025-11-28 15:15:00+00:00,276.69500732421875,27032
2025-11-28 15:16:00+00:00,276.75,25410
2025-11-28 15:17:00+00:00,276.6499938964844,26894
2025-11-28 15:18:00+00:00,276.6650085449219,33762
2025-11-28 15:19:00+00:00,276.5,29122
2025-11-28 15:20:00+00:00,276.88189697265625,51742
2025-11-28 15:21:00+00:00,276.84429931640625,35580
2025-11-28 15:22:00+00:00,276.6099853515625,21045
2025-11-28 15:23:00+00:00,276.29998779296875,50517
2025-11-28 15:24:00+00:00,276.4200134277344,31275
2025-11-28 15:25:00+00:00,276.44000244140625,33587
2025-11-28 15:26:00+00:00,276.2799987792969,38693
2025-11-28 15:27:00+00:00,276.239990234375,19779
2025-11-28 15:28:00+00:00,276.3550109863281,19438
2025-11-28 15:29:00+00:00,276.260009765625,23605
2025-11-28 15:30:00+00:00,276.2200012207031,26498
2025-11-28 15:31:00+00:00,276.2699890136719,18084
2025-11-28 15:32:00+00:00,276.40948486328125,31346
2025-11-28 15:33:00+00:00,276.57501220703125,32008
2025-11-28 15:34:00+00:00,276.4700012207031,25815
2025-11-28 15:35:00+00:00,276.4100036621094,23153
2025-11-28 15:36:00+00:00,276.42498779296875,19174
2025-11-28 15:37:00+00:00,276.3399963378906,18780
2025-11-28 15:38:00+00:00,276.45001220703125,36558
2025-11-28 15:39:00+00:00,276.4794006347656,55887
2025-11-28 15:40:00+00:00,276.3599853515625,27961
2025-11-28 15:41:00+00:00,276.42999267578125,18297
2025-11-28 15:42:00+00:00,276.6199951171875,25308
2025-11-28 15:43:00+00:00,276.4750061035156,11940
2025-11-28 15:44:00+00:00,276.4873962402344,16438
2025-11-28 15:45:00+00:00,276.3800048828125,37152
2025-11-28 15:46:00+00:00,276.44000244140625,22437
2025-11-28 15:47:00+00:00,276.4200134277344,30057
2025-11-28 15:48:00+00:00,276.5400085449219,21679
2025-11-28 15:49:00+00:00,276.5849914550781,36704
2025-11-28 15:50:00+00:00,276.70001220703125,24504
2025-11-28 15:51:00+00:00,276.7099914550781,29552
2025-11-28 15:52:00+00:00,276.7749938964844,48117
2025-11-28 15:53:00+00:00,276.8399963378906,26373
2025-11-28 15:54:00+00:00,276.70001220703125,19813
2025-11-28 15:55:00+00:00,276.5799865722656,26142
2025-11-28 15:56:00+00:00,276.5470886230469,21139
2025-11-28 15:57:00+00:00,276.510009765625,36295
2025-11-28 15:58:00+00:00,276.44000244140625,49727
2025-11-28 15:59:00+00:00,276.4599914550781,31475
2025-11-28 16:00:00+00:00,276.3771057128906,32450
2025-11-28 16:01:00+00:00,276.3450927734375,58092
2025-11-28 16:02:00+00:00,276.6300048828125,34735
2025-11-28 16:03:00+00:00,276.6600036621094,27243
2025-11-28 16:04:00+00:00,276.625,27101
2025-11-28 16:05:00+00:00,276.720703125,19473
2025-11-28 16:06:00+00:00,276.8299865722656,22708
2025-11-28 16:07:00+00:00,276.7101135253906,32945
2025-11-28 16:08:00+00:00,276.67999267578125,22307
2025-11-28 16:09:00+00:00,276.6700134277344,24215
2025-11-28 16:10:00+00:00,276.5799865722656,16467
2025-11-28 16:11:00+00:00,276.5199890136719,19057
2025-11-28 16:12:00+00:00,276.69500732421875,23208
2025-11-28 16:13:00+00:00,276.7099914550781,11203
2025-11-28 16:14:00+00:00,276.68548583984375,17621
2025-11-28 16:15:00+00:00,276.6300048828125,18132
2025-11-28 16:16:00+00:00,276.6099853515625,22394
2025-11-28 16:17:00+00:00,276.6199951171875,28081
2025-11-28 16:18:00+00:00,276.5950012207031,16652
2025-11-28 16:19:00+00:00,276.5199890136719,13541
2025-11-28 16:20:00+00:00,276.489990234375,26309
2025-11-28 16:21:00+00:00,276.4100036621094,25301
2025-11-28 16:22:00+00:00,276.2900085449219,33973
2025-11-28 16:23:00+00:00,276.1910095214844,32820
2025-11-28 16:24:00+00:00,276.2174072265625,38131
2025-11-28 16:25:00+00:00,276.1400146484375,33999
2025-11-28 16:26:00+00:00,276.0450134277344,40294
2025-11-28 16:27:00+00:00,276.1499938964844,86475
2025-11-28 16:28:00+00:00,276.135009765625,56291
2025-11-28 16:29:00+00:00,276.25,34206
2025-11-28 16:30:00+00:00,275.9906921386719,43723
2025-11-28 16:31:00+00:00,276.1000061035156,31490
2025-11-28 16:32:00+00:00,276.2650146484375,25854
2025-11-28 16:33:00+00:00,276.3399963378906,34650
2025-11-28 16:34:00+00:00,276.3800048828125,20659
2025-11-28 16:35:00+00:00,276.3900146484375,32785
2025-11-28 16:36:00+00:00,276.3573913574219,22161
2025-11-28 16:37:00+00:00,276.3500061035156,20195
2025-11-28 16:38:00+00:00,276.45001220703125,30165
2025-11-28 16:39:00+00:00,276.45001220703125,38824
2025-11-28 16:40:00+00:00,276.3699951171875,28581
2025-11-28 16:41:00+00:00,276.42999267578125,24028
2025-11-28 16:42:00+00:00,276.4549865722656,20240
2025-11-28 16:43:00+00:00,276.5299987792969,22700
2025-11-28 16:44:00+00:00,276.4800109863281,16666
2025-11-28 16:45:00+00:00,276.5299987792969,20958
2025-11-28 16:46:00+00:00,276.4200134277344,17346
2025-11-28 16:47:00+00:00,276.4599914550781,18930
2025-11-28 16:48:00+00:00,276.4649963378906,28688
2025-11-28 16:49:00+00:00,276.4150085449219,24929
2025-11-28 16:50:00+00:00,276.40179443359375,23140
2025-11-28 16:51:00+00:00,276.4599914550781,21377
2025-11-28 16:52:00+00:00,276.6199951171875,35382
2025-11-28 16:53:00+00:00,276.55999755859375,25767
2025-11-28 16:54:00+00:00,276.57501220703125,48114
2025-11-28 16:55:00+00:00,276.67498779296875,52882
2025-11-28 16:56:00+00:00,276.6600036621094,26680
2025-11-28 16:57:00+00:00,276.6199951171875,17486
2025-11-28 16:58:00+00:00,276.6400146484375,25973
2025-11-28 16:59:00+00:00,276.6700134277344,33337
2025-11-28 17:00:00+00:00,276.6499938964844,18219
2025-11-28 17:01:00+00:00,276.739990234375,24962
2025-11-28 17:02:00+00:00,276.6700134277344,24115
2025-11-28 17:03:00+00:00,276.66009521484375,41531
2025-11-28 17:04:00+00:00,276.7200012207031,41016
2025-11-28 17:05:00+00:00,276.6600036621094,52035
2025-11-28 17:06:00+00:00,276.6409912109375,41208
2025-11-28 17:07:00+00:00,276.6534118652344,20331
2025-11-28 17:08:00+00:00,276.5799865722656,21849
2025-11-28 17:09:00+00:00,276.6499938964844,19706
2025-11-28 17:10:00+00:00,276.5899963378906,24871
2025-11-28 17:11:00+00:00,276.6000061035156,22086
2025-11-28 17:12:00+00:00,276.55999755859375,26916
2025-11-28 17:13:00+00:00,276.635498046875,33621
2025-11-28 17:14:00+00:00,276.56500244140625,21009
2025-11-28 17:15:00+00:00,276.4549865722656,88151
2025-11-28 17:16:00+00:00,276.5,22648
2025-11-28 17:17:00+00:00,276.5199890136719,31892
2025-11-28 17:18:00+00:00,276.44000244140625,21934
2025-11-28 17:19:00+00:00,276.5199890136719,17641
2025-11-28 17:20:00+00:00,276.6400146484375,18149
2025-11-28 17:21:00+00:00,276.6300048828125,29166
2025-11-28 17:22:00+00:00,276.7214050292969,23595
2025-11-28 17:23:00+00:00,276.7372131347656,27562
2025-11-28 17:24:00+00:00,276.7449951171875,31095
2025-11-28 17:25:00+00:00,277.1300048828125,58027
2025-11-28 17:26:00+00:00,277.1400146484375,35135
2025-11-28 17:27:00+00:00,277.02850341796875,35263
2025-11-28 17:28:00+00:00,277.0199890136719,44295
2025-11-28 17:29:00+00:00,277.04998779296875,39668
2025-11-28 17:30:00+00:00,277.010009765625,45551
2025-11-28 17:31:00+00:00,276.9700012207031,30461
2025-11-28 17:32:00+00:00,277.04998779296875,26889
2025-11-28 17:33:00+00:00,277.0400085449219,35114
2025-11-28 17:34:00+00:00,277.0299987792969,34166
2025-11-28 17:35:00+00:00,277.1400146484375,20692
2025-11-28 17:36:00+00:00,276.96099853515625,29693
2025-11-28 17:37:00+00:00,277.0,23110
2025-11-28 17:38:00+00:00,277.0960998535156,40491
2025-11-28 17:39:00+00:00,277.0899963378906,63757
2025-11-28 17:40:00+00:00,277.16900634765625,55145
2025-11-28 17:41:00+00:00,277.16339111328125,22401
2025-11-28 17:42:00+00:00,277.2799987792969,39047
2025-11-28 17:43:00+00:00,277.23590087890625,38501
2025-11-28 17:44:00+00:00,277.010009765625,36133
2025-11-28 17:45:00+00:00,277.17999267578125,46891
2025-11-28 17:46:00+00:00,277.20989990234375,46532
2025-11-28 17:47:00+00:00,277.3999938964844,34254
2025-11-28 17:48:00+00:00,277.5982971191406,68307
2025-11-28 17:49:00+00:00,277.55999755859375,50189
2025-11-28 17:50:00+00:00,277.989990234375,112417
2025-11-28 17:51:00+00:00,277.9599914550781,98112
2025-11-28 17:52:00+00:00,278.1400146484375,93121
2025-11-28 17:53:00+00:00,278.20001220703125,68978
2025-11-28 17:54:00+00:00,278.5299987792969,145737
2025-11-28 17:55:00+00:00,278.7799987792969,191266
2025-11-28 17:56:00+00:00,278.69500732421875,124339
2025-11-28 17:57:00+00:00,278.7850036621094,163101
2025-11-28 17:58:00+00:00,278.8999938964844,176356
2025-11-28 17:59:00+00:00,278.8599853515625,544785
